<?xml version="1.0" encoding="UTF-8"?>
<project version="4">
  <component name="ChangeListManager">
    <list default="true" id="ef7767f6-ad5d-4682-9f5b-148d96132505" name="Default Changelist" comment="" />
    <option name="SHOW_DIALOG" value="false" />
    <option name="HIGHLIGHT_CONFLICTS" value="true" />
    <option name="HIGHLIGHT_NON_ACTIVE_CHANGELIST" value="false" />
    <option name="LAST_RESOLUTION" value="IGNORE" />
  </component>
  <component name="JupyterTrust" id="9f891fa1-dac7-4b36-8744-045b5620f0f4" />
  <component name="ProjectId" id="1gwwvgRtfVVTsz6ItGV867jEtSt" />
  <component name="ProjectViewState">
    <option name="hideEmptyMiddlePackages" value="true" />
    <option name="showLibraryContents" value="true" />
  </component>
  <component name="PropertiesComponent">
    <property name="RunOnceActivity.OpenProjectViewOnStart" value="true" />
    <property name="WebServerToolWindowFactoryState" value="true" />
    <property name="last_opened_file_path" value="$PROJECT_DIR$" />
  </component>
  <component name="SpellCheckerSettings" RuntimeDictionaries="0" Folders="0" CustomDictionaries="0" DefaultDictionary="application-level" UseSingleDictionary="true" transferred="true" />
  <component name="TaskManager">
    <task active="true" id="Default" summary="Default task">
      <changelist id="ef7767f6-ad5d-4682-9f5b-148d96132505" name="Default Changelist" comment="" />
      <created>1599039194421</created>
      <option name="number" value="Default" />
      <option name="presentableId" value="Default" />
      <updated>1599039194421</updated>
      <workItem from="1599039195451" duration="6444000" />
    </task>
    <servers />
  </component>
  <component name="TypeScriptGeneratedFilesManager">
    <option name="version" value="3" />
  </component>
</project>